{"cameraMode":{"drawMode":0,"name":"Shaded","section":"Shading Mode"},"sceneLighting":false,"audioPlay":false,"sceneViewState":{"showFog":true,"showMaterialUpdate":false,"showSkybox":true,"showFlares":true,"showImageEffects":true,"showParticleSystems":true},"in2DMode":false,"pivot":{"x":1.8162444829940797,"y":2.813809871673584,"z":18.33477210998535},"rotation":{"x":0.022491509094834329,"y":-0.02399226650595665,"z":-0.0005400081281550229,"w":-0.9994589686393738},"size":34.13546371459961,"orthographic":false}