{"cameraMode":{"drawMode":0,"name":"Shaded","section":"Shading Mode"},"sceneLighting":false,"audioPlay":false,"sceneViewState":{"showFog":true,"showMaterialUpdate":false,"showSkybox":true,"showFlares":true,"showImageEffects":true,"showParticleSystems":true},"in2DMode":false,"pivot":{"x":-1.6748979091644288,"y":2.4646990299224855,"z":5.585343837738037},"rotation":{"x":-0.019339220598340036,"y":-0.9801738262176514,"z":0.15416187047958375,"w":-0.12296108156442642},"size":1.7147303819656373,"orthographic":false}