{"cameraMode":{"drawMode":0,"name":"Shaded","section":"Shading Mode"},"sceneLighting":false,"audioPlay":false,"sceneViewState":{"showFog":true,"showMaterialUpdate":false,"showSkybox":true,"showFlares":true,"showImageEffects":true,"showParticleSystems":true},"in2DMode":false,"pivot":{"x":-0.06217086315155029,"y":0.8745574951171875,"z":-0.13185545802116395},"rotation":{"x":0.06572592258453369,"y":0.7941368222236633,"z":-0.08730770647525788,"w":0.5978328585624695},"size":1.6664183139801026,"orthographic":false}