{"cameraMode":{"drawMode":0,"name":"Shaded","section":"Shading Mode"},"sceneLighting":false,"audioPlay":false,"sceneViewState":{"showFog":true,"showMaterialUpdate":false,"showSkybox":true,"showFlares":true,"showImageEffects":true,"showParticleSystems":true},"in2DMode":false,"pivot":{"x":0.019999980926513673,"y":3.400778293609619,"z":0.0},"rotation":{"x":0.027328988537192346,"y":-0.727831244468689,"z":0.02905399352312088,"w":0.6845953464508057},"size":12.099742889404297,"orthographic":true}