{"cameraMode":{"drawMode":0,"name":"Shaded","section":"Shading Mode"},"sceneLighting":false,"audioPlay":false,"sceneViewState":{"showFog":true,"showMaterialUpdate":false,"showSkybox":true,"showFlares":true,"showImageEffects":true,"showParticleSystems":true},"in2DMode":false,"pivot":{"x":0.030914306640625,"y":-0.0755615234375,"z":0.314697265625},"rotation":{"x":0.06514355540275574,"y":0.8329422473907471,"z":-0.10043567419052124,"w":0.5402557253837586},"size":0.35334277153015139,"orthographic":true}