{"cameraMode":{"drawMode":0,"name":"Shaded","section":"Shading Mode"},"sceneLighting":false,"audioPlay":false,"sceneViewState":{"showFog":true,"showMaterialUpdate":false,"showSkybox":true,"showFlares":true,"showImageEffects":true,"showParticleSystems":true},"in2DMode":false,"pivot":{"x":-3.457822561264038,"y":4.11538028717041,"z":6.00693416595459},"rotation":{"x":0.06382279843091965,"y":0.9361281394958496,"z":-0.23953156173229218,"w":0.24943019449710847},"size":2.8529486656188967,"orthographic":false}