{"cameraMode":{"drawMode":0,"name":"Shaded","section":"Shading Mode"},"sceneLighting":false,"audioPlay":false,"sceneViewState":{"showFog":true,"showMaterialUpdate":false,"showSkybox":true,"showFlares":true,"showImageEffects":true,"showParticleSystems":true},"in2DMode":false,"pivot":{"x":-0.158447265625,"y":-0.53564453125,"z":-0.1664276123046875},"rotation":{"x":0.03205963596701622,"y":0.8033058047294617,"z":-0.04342120885848999,"w":0.5931159853935242},"size":1.710399866104126,"orthographic":true}