{"cameraMode":{"drawMode":0,"name":"Shaded","section":"Shading Mode"},"sceneLighting":false,"audioPlay":false,"sceneViewState":{"showFog":true,"showMaterialUpdate":false,"showSkybox":true,"showFlares":true,"showImageEffects":true,"showParticleSystems":true},"in2DMode":false,"pivot":{"x":-0.36409759521484377,"y":-4.070579528808594,"z":0.0},"rotation":{"x":0.11739666014909744,"y":0.5442411303520203,"z":-0.07725061476230622,"w":0.8270743489265442},"size":19.239917755126954,"orthographic":false}