{"cameraMode":{"drawMode":0,"name":"Shaded","section":"Shading Mode"},"sceneLighting":false,"audioPlay":false,"sceneViewState":{"showFog":true,"showMaterialUpdate":false,"showSkybox":true,"showFlares":true,"showImageEffects":true,"showParticleSystems":true},"in2DMode":false,"pivot":{"x":-1.249802589416504,"y":1.305410623550415,"z":-0.2623542547225952},"rotation":{"x":0.10295484960079193,"y":0.8899972438812256,"z":-0.2491912841796875,"w":0.3677077293395996},"size":3.2396156787872316,"orthographic":false}