{"cameraMode":{"drawMode":0,"name":"Shaded","section":"Shading Mode"},"sceneLighting":false,"audioPlay":false,"sceneViewState":{"showFog":true,"showMaterialUpdate":false,"showSkybox":true,"showFlares":true,"showImageEffects":true,"showParticleSystems":true},"in2DMode":false,"pivot":{"x":4.4513092041015629,"y":-4.000090599060059,"z":4.512330532073975},"rotation":{"x":0.21950218081474305,"y":0.2767678201198578,"z":-0.06509573012590409,"w":0.9332635998725891},"size":11.822568893432618,"orthographic":false}