{"cameraMode":{"drawMode":0,"name":"Shaded","section":"Shading Mode"},"sceneLighting":false,"audioPlay":false,"sceneViewState":{"showFog":true,"showMaterialUpdate":false,"showSkybox":true,"showFlares":true,"showImageEffects":true,"showParticleSystems":true},"in2DMode":false,"pivot":{"x":-0.181640625,"y":0.19013208150863648,"z":1.7932138442993165},"rotation":{"x":-0.02570275403559208,"y":-0.7274864912033081,"z":-0.02729407511651516,"w":0.6850969791412354},"size":2.289351463317871,"orthographic":true}