{"cameraMode":{"drawMode":0,"name":"Shaded","section":"Shading Mode"},"sceneLighting":false,"audioPlay":false,"sceneViewState":{"showFog":true,"showMaterialUpdate":false,"showSkybox":true,"showFlares":true,"showImageEffects":true,"showParticleSystems":true},"in2DMode":false,"pivot":{"x":0.30512261390686037,"y":1.5736440420150757,"z":-1.1872460842132569},"rotation":{"x":0.03430653735995293,"y":0.7708866000175476,"z":-0.041668880730867389,"w":0.6346815824508667},"size":1.8957058191299439,"orthographic":false}