{"cameraMode":{"drawMode":0,"name":"Shaded","section":"Shading Mode"},"sceneLighting":false,"audioPlay":false,"sceneViewState":{"showFog":true,"showMaterialUpdate":false,"showSkybox":true,"showFlares":true,"showImageEffects":true,"showParticleSystems":true},"in2DMode":false,"pivot":{"x":-0.13831913471221925,"y":5.21710205078125,"z":0.0},"rotation":{"x":-0.0026427810080349447,"y":0.9966539144515991,"z":0.03589504957199097,"w":0.07338600605726242},"size":8.408950805664063,"orthographic":true}