{"cameraMode":{"drawMode":0,"name":"Shaded","section":"Shading Mode"},"sceneLighting":false,"audioPlay":false,"sceneViewState":{"showFog":true,"showMaterialUpdate":false,"showSkybox":true,"showFlares":true,"showImageEffects":true,"showParticleSystems":true},"in2DMode":false,"pivot":{"x":-0.3980005979537964,"y":0.9579497575759888,"z":-0.7742204666137695},"rotation":{"x":0.034349363297224048,"y":0.9091382026672363,"z":-0.07654831558465958,"w":0.40795615315437319},"size":1.6664183139801026,"orthographic":false}