{"cameraMode":{"drawMode":0,"name":"Shaded","section":"Shading Mode"},"sceneLighting":false,"audioPlay":false,"sceneViewState":{"showFog":true,"showMaterialUpdate":false,"showSkybox":true,"showFlares":true,"showImageEffects":true,"showParticleSystems":true},"in2DMode":false,"pivot":{"x":0.2906944751739502,"y":1.2201539278030396,"z":0.21618503332138062},"rotation":{"x":0.17844900488853455,"y":0.760787308216095,"z":-0.2348376214504242,"w":0.5781089663505554},"size":2.35866379737854,"orthographic":false}