{"cameraMode":{"drawMode":0,"name":"Shaded","section":"Shading Mode"},"sceneLighting":false,"audioPlay":false,"sceneViewState":{"showFog":true,"showMaterialUpdate":false,"showSkybox":true,"showFlares":true,"showImageEffects":true,"showParticleSystems":true},"in2DMode":false,"pivot":{"x":0.7230575680732727,"y":-1.4435598850250245,"z":9.896021842956543},"rotation":{"x":-0.07937317341566086,"y":0.03288915008306503,"z":-0.002620308194309473,"w":-0.9962987899780273},"size":14.518619537353516,"orthographic":false}