{"cameraMode":{"drawMode":0,"name":"Shaded","section":"Shading Mode"},"sceneLighting":false,"audioPlay":false,"sceneViewState":{"showFog":true,"showMaterialUpdate":false,"showSkybox":true,"showFlares":true,"showImageEffects":true,"showParticleSystems":true},"in2DMode":false,"pivot":{"x":-0.00013145804405212402,"y":1.0426368713378907,"z":0.4424712657928467},"rotation":{"x":0.09420380741357804,"y":0.78131103515625,"z":-0.12168225646018982,"w":0.6048737168312073},"size":2.209519863128662,"orthographic":false}