{"cameraMode":{"drawMode":0,"name":"Shaded","section":"Shading Mode"},"sceneLighting":false,"audioPlay":false,"sceneViewState":{"showFog":true,"showMaterialUpdate":false,"showSkybox":true,"showFlares":true,"showImageEffects":true,"showParticleSystems":true},"in2DMode":false,"pivot":{"x":36.86119842529297,"y":7.836296558380127,"z":7.870087623596191},"rotation":{"x":-0.013163428753614426,"y":0.5892557501792908,"z":0.009752818383276463,"w":0.8077805042266846},"size":57.60927200317383,"orthographic":false}