{"cameraMode":{"drawMode":0,"name":"Shaded","section":"Shading Mode"},"sceneLighting":false,"audioPlay":false,"sceneViewState":{"showFog":true,"showMaterialUpdate":false,"showSkybox":true,"showFlares":true,"showImageEffects":true,"showParticleSystems":true},"in2DMode":false,"pivot":{"x":-0.3513004183769226,"y":-0.27738499641418459,"z":0.9212217330932617},"rotation":{"x":0.13872577250003816,"y":-0.06738782674074173,"z":0.009461995214223862,"w":0.987990140914917},"size":2.0989325046539308,"orthographic":false}