{"cameraMode":{"drawMode":0,"name":"Shaded","section":"Shading Mode"},"sceneLighting":false,"audioPlay":false,"sceneViewState":{"showFog":true,"showMaterialUpdate":false,"showSkybox":true,"showFlares":true,"showImageEffects":true,"showParticleSystems":true},"in2DMode":false,"pivot":{"x":0.48486328125,"y":1.677734375,"z":1.774688720703125},"rotation":{"x":0.060855548828840259,"y":-0.5581700205802918,"z":0.041099414229393008,"w":0.8264705538749695},"size":4.067770481109619,"orthographic":true}