{"cameraMode":{"drawMode":0,"name":"Shaded","section":"Shading Mode"},"sceneLighting":false,"audioPlay":false,"sceneViewState":{"showFog":true,"showMaterialUpdate":false,"showSkybox":true,"showFlares":true,"showImageEffects":true,"showParticleSystems":true},"in2DMode":false,"pivot":{"x":0.725614070892334,"y":5.421628475189209,"z":24.286823272705079},"rotation":{"x":0.018201371654868127,"y":-0.9769312739372253,"z":0.19143138825893403,"w":0.09288805723190308},"size":10.466460227966309,"orthographic":true}