{"cameraMode":{"drawMode":0,"name":"Shaded","section":"Shading Mode"},"sceneLighting":false,"audioPlay":false,"sceneViewState":{"showFog":true,"showMaterialUpdate":false,"showSkybox":true,"showFlares":true,"showImageEffects":true,"showParticleSystems":true},"in2DMode":false,"pivot":{"x":-0.08355217427015305,"y":0.4160294532775879,"z":-1.6362240314483643},"rotation":{"x":0.2051369994878769,"y":0.06014969199895859,"z":-0.012631955556571484,"w":0.9768015742301941},"size":1.7923589944839478,"orthographic":false}