{"cameraMode":{"drawMode":0,"name":"Shaded","section":"Shading Mode"},"sceneLighting":false,"audioPlay":false,"sceneViewState":{"showFog":true,"showMaterialUpdate":false,"showSkybox":true,"showFlares":true,"showImageEffects":true,"showParticleSystems":true},"in2DMode":false,"pivot":{"x":0.12599752843379975,"y":1.2318288087844849,"z":0.741517186164856},"rotation":{"x":0.40976107120513918,"y":0.0791998878121376,"z":-0.035739462822675708,"w":0.9080451726913452},"size":1.1431536674499512,"orthographic":false}